GENE_001,GENE_002,GENE_003,GENE_004,GENE_005,GENE_006,GENE_007,GENE_008,GENE_009,GENE_010,GENE_011,GENE_012,GENE_013,GENE_014,GENE_015,GENE_016,GENE_017,GENE_018,GENE_019,GENE_020,GENE_021,GENE_022,GENE_023,GENE_024,GENE_025,GENE_026,GENE_027
0.30471707975443135,-1.0399841062404955,0.7504511958064572,0.9405647163912139,-1.9510351886538364,-1.302179506862318,0.12784040316728537,-0.3162425923435822,-0.016801157504288795,-0.85304392757358,0.8793979748628286,0.7777919354289483,0.06603069756121605,1.1272412069680329,0.4675093422520456,-0.8592924628832382,0.36875078408249884,-0.9588826008289989,0.8784503013072725,-0.049925910986252896,-0.18486236354526056,-0.6809295444039414,1.2225413386740303,-0.15452948206880215,-0.4283278221631072,-0.3521335504882296,0.5323091855533487
