METH_001,METH_002,METH_003,METH_004,METH_005,METH_006,METH_007,METH_008,METH_009,METH_010,METH_011,METH_012,METH_013,METH_014,METH_015,METH_016,METH_017,METH_018,METH_019,METH_020,METH_021,METH_022,METH_023,METH_024,METH_025,METH_026,METH_027
0.36544406436407834,0.4127326115959884,0.43082100300788273,2.1416476008704612,-0.4064150163846156,-0.5122427290715373,-0.8137727282478777,0.6159794225754956,1.1289722927208916,-0.11394745765487507,-0.840156476962528,-0.8244812156912396,0.6505927878247011,0.7432541712034423,0.543154268305195,-0.6655097072886943,0.23216132306671977,0.11668580914072822,0.21868859672901295,0.8714287779481898,0.22359554877468227,0.6789135630718949,0.06757906948889146,0.28911939868998415,0.6312882258385404,-1.4571558198556664,-0.31967121635730134
